{"schemaVersion":"1.0","appDefinitionTemplate":{"id":"/providers/Microsoft.PowerApps/apps/","type":"Microsoft.PowerApps/apps","tags":{"minimumRequiredApiVersion":"2.2.0"},"properties":{"appVersion":"2019-09-28T23:19:01Z","lifeCycleId":"Published","createdByClientVersion":{"major":3,"minor":19093,"build":16,"revision":0,"majorRevision":0,"minorRevision":0},"minClientVersion":{"major":3,"minor":19093,"build":16,"revision":0,"majorRevision":0,"minorRevision":0},"backgroundColor":"rgba(175, 229, 178, 1)","backgroundImageUri":"/8996987492824031474/N2da20753-2a54-4cc7-a18f-0f79ecdfc805-logoSmallFile","displayName":"Asikaso","description":"","commitMessage":"","appUris":{"documentUri":{"value":"/8996987492824031474/Nf22d4c1a-892e-4672-9d0c-761b59f73c9a-document.msapp","readonlyValue":"/8996987492824031474/Nf22d4c1a-892e-4672-9d0c-761b59f73c9a-document.msapp"},"imageUris":[]},"createdTime":"0001-01-01T00:00:00Z","lastModifiedTime":"0001-01-01T00:00:00Z","sharedGroupsCount":0,"sharedUsersCount":0,"icons":{"smallIconUri":"/8996987492824031474/N1abf0ea5-cee0-42c8-8f2b-c0aeae545ca4-small.png","mediumIconUri":"/8996987492824031474/N998caa92-e55d-4442-b262-1a2825a113df-medium.png","largeIconUri":"/8996987492824031474/N5aa9ba90-a393-4b5a-8a23-9707a419b9fb-large.png","wideIconUri":"/8996987492824031474/N0edb71f6-1e8c-4e97-84d0-f2fe8610c012-wide.png"},"connectionReferences":{"a826de4e-eed3-49cb-bd19-4dc7cfacbdb1":{"id":"89440f98-d103-42ff-be3b-7c944be1082f","displayName":"Customer Bill Payment","iconUri":"https://prodapiicons.cdn.powerappscdn.net/20190928t000000z6d8eb7c257df4868a8ff4c3990988884/customconnectoricon.jpg","dataSources":["OnlineBillsPayment"],"dependencies":[],"dependents":[],"parameterHints":{},"isOnPremiseConnection":false,"bypassConsent":false,"dataSets":{},"apiTier":"Standard","isCustomApiConnection":true},"ec076dbb-8764-4597-874b-6019a0845c77":{"id":"12c8e8e8-676c-4ca6-b12c-300c21a494c9","displayName":"Notifications","iconUri":"https://psux.azureedge.net/Content/Images/Connectors/FlowNotification.svg","dataSources":["Notifications"],"dependencies":[],"dependents":[],"parameterHints":{},"isOnPremiseConnection":false,"bypassConsent":false,"dataSets":{},"apiTier":"Standard","isCustomApiConnection":false}},"databaseReferences":{"default.cds":{"databaseDetails":{"referenceType":"Environmental","environmentName":"default.cds"},"dataSources":{"Billers":{"entitySetName":"crfaf_billers","logicalName":"crfaf_biller"},"Service Lists":{"entitySetName":"crfaf_servicelists","logicalName":"crfaf_servicelist"},"Collections":{"entitySetName":"crfaf_collections","logicalName":"crfaf_collection"},"Request Lists":{"entitySetName":"crfaf_requestlistses","logicalName":"crfaf_requestlists"},"Request Documentations":{"entitySetName":"crfaf_requestdocumentationses","logicalName":"crfaf_requestdocumentations"},"Providers":{"entitySetName":"crfaf_providers","logicalName":"crfaf_provider"},"Service Items":{"entitySetName":"crfaf_serviceitemses","logicalName":"crfaf_serviceitems"},"Payments":{"entitySetName":"crfaf_paymentses","logicalName":"crfaf_payments"}}}},"almMode":"Solution"},"appComponents":[]}}