{"schemaVersion":"1.0","appDefinitionTemplate":{"id":"/providers/Microsoft.PowerApps/apps/","type":"Microsoft.PowerApps/apps","tags":{"minimumRequiredApiVersion":"2.2.0"},"properties":{"appVersion":"2019-09-29T03:10:22Z","lifeCycleId":"Published","createdByClientVersion":{"major":3,"minor":19093,"build":16,"revision":0,"majorRevision":0,"minorRevision":0},"minClientVersion":{"major":3,"minor":19093,"build":16,"revision":0,"majorRevision":0,"minorRevision":0},"backgroundColor":"rgba(44, 125, 154, 1)","backgroundImageUri":"/6831130980157223122/Nc26f1a4d-72fe-486f-b9c4-2729be6190f2-logoSmallFile","displayName":"Front Desk","description":"","commitMessage":"","appUris":{"documentUri":{"value":"/6831130980157223122/N1e887f79-f827-4160-b721-8d63a2210916-document.msapp","readonlyValue":"/6831130980157223122/N1e887f79-f827-4160-b721-8d63a2210916-document.msapp"},"imageUris":[]},"createdTime":"0001-01-01T00:00:00Z","lastModifiedTime":"0001-01-01T00:00:00Z","sharedGroupsCount":0,"sharedUsersCount":0,"icons":{"smallIconUri":"/6831130980157223122/N78b585a7-9e01-4970-b041-3c121af0819b-small.png","mediumIconUri":"/6831130980157223122/Nbcec8750-fa58-4b98-9f16-76aee433c8ff-medium.png","largeIconUri":"/6831130980157223122/N13dbe922-5f66-46cb-a725-e8fd4cdafe2e-large.png","wideIconUri":"/6831130980157223122/N69893ee5-420b-4728-bb82-6a50387c7d1b-wide.png"},"connectionReferences":{"ee932ed7-55b1-427e-8aad-2f3d97f426ab":{"id":"96dc8ca1-7aa3-41e1-8853-8fdf970c0a27","displayName":"Office 365 Users","iconUri":"https://connectoricons-prod.azureedge.net/office365users/icon_1.0.1258.1715.png","dataSources":["Office365Users"],"dependencies":[],"dependents":[],"parameterHints":{},"isOnPremiseConnection":false,"bypassConsent":false,"dataSets":{},"apiTier":"Standard","isCustomApiConnection":false}},"databaseReferences":{"default.cds":{"databaseDetails":{"referenceType":"Environmental","environmentName":"default.cds"},"dataSources":{"Service Lists":{"entitySetName":"crfaf_servicelists","logicalName":"crfaf_servicelist"},"Collections":{"entitySetName":"crfaf_collections","logicalName":"crfaf_collection"},"Payments":{"entitySetName":"crfaf_paymentses","logicalName":"crfaf_payments"},"Request Documentations":{"entitySetName":"crfaf_requestdocumentationses","logicalName":"crfaf_requestdocumentations"}}}},"almMode":"Environment"},"appComponents":[]}}