{"schemaVersion":"1.0","appDefinitionTemplate":{"id":"/providers/Microsoft.PowerApps/apps/","type":"Microsoft.PowerApps/apps","tags":{"minimumRequiredApiVersion":"2.2.0"},"properties":{"appVersion":"2019-09-29T03:07:27Z","lifeCycleId":"Published","createdByClientVersion":{"major":3,"minor":19093,"build":16,"revision":0,"majorRevision":0,"minorRevision":0},"minClientVersion":{"major":3,"minor":19093,"build":16,"revision":0,"majorRevision":0,"minorRevision":0},"backgroundColor":"rgba(1, 60, 96, 1)","backgroundImageUri":"/16752921878592376091/Nf23e6194-2ed4-4187-b516-c90a8808b628-logoSmallFile","displayName":"Unit Owner","description":"","commitMessage":"","appUris":{"documentUri":{"value":"/16752921878592376091/N778923b8-bc29-4f9f-892d-31883a1a8bb7-document.msapp","readonlyValue":"/16752921878592376091/N778923b8-bc29-4f9f-892d-31883a1a8bb7-document.msapp"},"imageUris":[]},"createdTime":"0001-01-01T00:00:00Z","lastModifiedTime":"0001-01-01T00:00:00Z","sharedGroupsCount":0,"sharedUsersCount":0,"icons":{"smallIconUri":"/16752921878592376091/Ncdd788b4-7332-47cd-91e6-402452f6d306-small.png","mediumIconUri":"/16752921878592376091/N53ce7754-aa53-4466-a292-d004823673c2-medium.png","largeIconUri":"/16752921878592376091/N4f76e2ea-5484-4a0f-a98e-7a37fd4ad88d-large.png","wideIconUri":"/16752921878592376091/Nf663ac0b-e2c4-468b-9b58-04eedeff9e89-wide.png"},"connectionReferences":{"6f898d14-e24d-43a7-9e3e-0524386251a7":{"id":"96dc8ca1-7aa3-41e1-8853-8fdf970c0a27","displayName":"Office 365 Users","iconUri":"https://connectoricons-prod.azureedge.net/office365users/icon_1.0.1258.1715.png","dataSources":["Office365Users"],"dependencies":[],"dependents":[],"parameterHints":{},"isOnPremiseConnection":false,"bypassConsent":false,"dataSets":{},"apiTier":"Standard","isCustomApiConnection":false}},"databaseReferences":{"default.cds":{"databaseDetails":{"referenceType":"Environmental","environmentName":"default.cds"},"dataSources":{"Billers":{"entitySetName":"crfaf_billers","logicalName":"crfaf_biller"},"Service Lists":{"entitySetName":"crfaf_servicelists","logicalName":"crfaf_servicelist"},"Collections":{"entitySetName":"crfaf_collections","logicalName":"crfaf_collection"},"Request Lists":{"entitySetName":"crfaf_requestlistses","logicalName":"crfaf_requestlists"},"Request Documentations":{"entitySetName":"crfaf_requestdocumentationses","logicalName":"crfaf_requestdocumentations"},"Units":{"entitySetName":"crfaf_unitses","logicalName":"crfaf_units"},"Payments":{"entitySetName":"crfaf_paymentses","logicalName":"crfaf_payments"}}}},"almMode":"Environment"},"appComponents":[]}}